{
  "usingComponents": {
    "van-popup": "@vant/weapp/popup/index",
    "van-cell": "@vant/weapp/cell/index",
  "van-cell-group": "@vant/weapp/cell-group/index",
  "van-datetime-picker": "@vant/weapp/datetime-picker/index",
  "van-calendar": "@vant/weapp/calendar/index",
  "van-cascader": "@vant/weapp/cascader/index",
  "van-picker": "@vant/weapp/picker/index",
  "van-action-sheet": "@vant/weapp/action-sheet/index",
"van-dialog": "@vant/weapp/dialog/index",
"van-toast": "@vant/weapp/toast/index",
"van-overlay": "@vant/weapp/overlay/index"
  },
  "navigationBarBackgroundColor": "#DAF4EF",
  "navigationBarTitleText": "确认下单"
}